Loss,Accuracy,Duration,Test Duration
0.0015280161451300955,56.266666666666666,595.436717748642,0.044409990310668945
