,accuracy,train/val/test/test2
0,0.5205479452054794,test
1,0.5205479452054794,test2
