precision,accuracy,recall,duration
0.5086640211640211,0.5205479452054794,0.49763098221744834,27.727108001708984
