,accuracy,train/val/test/test2
0,0.7520710059171598,test
1,0.7520710059171598,test2
