precision,accuracy,recall,duration
0.7081733104380922,0.7520710059171598,0.772001961547552,131.97601127624512
