,accuracy,train/val/test/test2
0,0.8539682539682539,test
1,0.8539682539682539,test2
