precision,accuracy,recall,duration
0.853819388250526,0.8539682539682539,0.8533333333333333,38.376132011413574
