precision,accuracy,recall,duration
0.8583333333333334,0.8333333333333334,0.8333333333333334,25.485488891601562
