,accuracy,train/val/test/test2
0,0.7951219512195122,test
1,0.7951219512195122,test2
