best_model_train_loss,best_model_val_loss,best_model_train_acc,best_model_val_acc,best_model_learning_rate,best_model_nb_epoch
1.1995316743850708,0.48911646008491516,0.8450000286102295,0.8243902325630188,0.0010000000474974513,284
