precision,accuracy,recall,duration
0.5027840404454464,0.7951219512195122,0.493683368869936,48.38755512237549
