precision,accuracy,recall,duration
0.7308080808080808,0.7314285714285714,0.7394038829641781,44.36926984786987
