,accuracy,train/val/test/test2
0,0.4043887147335423,test
1,0.4043887147335423,test2
