best_model_train_loss,best_model_val_loss,best_model_train_acc,best_model_val_acc,best_model_learning_rate,best_model_nb_epoch
0.0908280611038208,0.030257102102041245,0.5468164682388306,0.407523512840271,0.0010000000474974513,11
