precision,accuracy,recall,duration
0.2625024343316028,0.4043887147335423,0.2579264595942828,70.78001189231873
