,accuracy,train/val/test/test2
0,0.3934169278996865,test
1,0.3934169278996865,test2
