precision,accuracy,recall,duration
0.2628352657340387,0.3934169278996865,0.2560642539464735,70.57808899879456
