,accuracy,train/val/test/test2
0,0.5434343434343434,test
1,0.5434343434343434,test2
