precision,accuracy,recall,duration
0.5601909337144622,0.5434343434343434,0.5434343434343435,1504.5922379493713
