,accuracy,train/val/test/test2
0,0.5342465753424658,test
1,0.5342465753424658,test2
