precision,accuracy,recall,duration
0.5364721646234252,0.5342465753424658,0.4931734097147631,27.95305848121643
