,accuracy,train/val/test/test2
0,0.6111111111111112,test
1,0.6111111111111112,test2
