,accuracy,train/val/test/test2
0,0.6950877192982456,test
1,0.6950877192982456,test2
