precision,accuracy,recall,duration
0.6973629146041084,0.6950877192982456,0.6950877192982456,608.5050342082977
