precision,accuracy,recall,duration
0.7629713206580885,0.7623333333333333,0.7642486143938646,197.92001223564148
