,accuracy,train/val/test/test2
0,0.7502958579881657,test
1,0.7502958579881657,test2
