precision,accuracy,recall,duration
0.6920103564370483,0.7502958579881657,0.7589870391731285,127.58840560913086
