,accuracy,train/val/test/test2
0,0.281767955801105,test
1,0.281767955801105,test2
