precision,accuracy,recall,duration
0.24686131757927035,0.281767955801105,0.2804072426152516,66.53804969787598
