,accuracy,train/val/test/test2
0,0.7428571428571429,test
1,0.7428571428571429,test2
