precision,accuracy,recall,duration
0.7441562211017286,0.7428571428571429,0.750524109014675,41.08668780326843
