,accuracy,train/val/test/test2
0,0.8571428571428571,test
1,0.8571428571428571,test2
