precision,accuracy,recall,duration
0.8568973882105604,0.8571428571428571,0.8566666666666667,40.812413930892944
