precision,accuracy,recall,duration
0.6388888888888888,0.638095238095238,0.6361655773420479,31.342172622680664
