precision,accuracy,recall,duration
0.7521870554765291,0.7516666666666667,0.7534317958357883,197.41040515899658
