,accuracy,train/val/test/test2
0,0.32320441988950277,test
1,0.32320441988950277,test2
