precision,accuracy,recall,duration
0.2547676254943944,0.32320441988950277,0.3219904832529971,61.28870105743408
