,accuracy,train/val/test/test2
0,0.5323741007194245,test
1,0.5323741007194245,test2
