precision,accuracy,recall,duration
0.5128125,0.5323741007194245,0.5168956043956044,804.3207046985626
