precision,accuracy,recall,duration
0.6874172452928334,0.6873684210526316,0.6873684210526316,685.2548182010651
