,accuracy,train/val/test/test2
0,0.27624309392265195,test
1,0.27624309392265195,test2
