precision,accuracy,recall,duration
0.21324188693022408,0.27624309392265195,0.27549128661475714,64.58803582191467
