,accuracy,train/val/test/test2
0,0.4666666666666667,test
1,0.4666666666666667,test2
