precision,accuracy,recall,duration
0.4325,0.4666666666666667,0.3402777777777778,27.534589529037476
