,accuracy,train/val/test/test2
0,0.6789473684210526,test
1,0.6789473684210526,test2
