precision,accuracy,recall,duration
0.679275880850795,0.6789473684210526,0.6789473684210526,679.9643590450287
