precision,accuracy,recall,duration
0.7344093910491563,0.7333333333333333,0.7320261437908497,111.7301516532898
