precision,accuracy,recall,duration
0.853613777526821,0.8539682539682539,0.8542424242424242,38.6764395236969
