precision,accuracy,recall,duration
0.80625,0.8,0.8131145170618854,29.545544385910034
