,accuracy,train/val/test/test2
0,0.2900552486187845,test
1,0.2900552486187845,test2
