precision,accuracy,recall,duration
0.2524862935360872,0.2900552486187845,0.28902175256457796,64.01237607002258
