,accuracy,train/val/test/test2
0,0.9238095238095239,test
1,0.9238095238095239,test2
