precision,accuracy,recall,duration
0.9234945108169196,0.9238095238095239,0.923939393939394,43.21204352378845
