Loss,Accuracy,Duration,Test Duration
0.0015281649359621952,56.266666666666666,589.8250687122345,0.04564094543457031
