precision,accuracy,recall,duration
0.7612666531412727,0.76,0.7650168626378635,42.918174266815186
