,accuracy,train/val/test/test2
0,0.5742424242424242,test
1,0.5742424242424242,test2
