precision,accuracy,recall,duration
0.5960852958456018,0.5742424242424242,0.5742424242424243,141.8700180053711
