precision,accuracy,recall,duration
0.8678571428571429,0.8333333333333334,0.8333333333333334,28.82186269760132
