Loss,Accuracy,Duration,Test Duration
0.3172903614467941,62.4,607.8950462341309,0.04550790786743164
