,accuracy,train/val/test/test2
0,0.6971428571428572,test
1,0.6971428571428572,test2
