precision,accuracy,recall,duration
0.7054152315346345,0.6971428571428572,0.706043204812688,43.76895523071289
