Loss,Accuracy,Duration,Test Duration
0.3172873483854346,62.666666666666664,579.0621490478516,0.044570207595825195
