precision,accuracy,recall,duration
0.2279761010208405,0.38087774294670845,0.2357495124236877,64.17024159431458
