,accuracy,train/val/test/test2
0,0.5646464646464646,test
1,0.5646464646464646,test2
