precision,accuracy,recall,duration
0.574008373382521,0.5646464646464646,0.5646464646464647,139.90798926353455
