precision,accuracy,recall,duration
0.6625,0.6,0.4805555555555555,25.35852885246277
