precision,accuracy,recall,duration
0.9333333333333332,0.9,0.9,25.804749727249146
