,accuracy,train/val/test/test2
0,0.8126984126984127,test
1,0.8126984126984127,test2
