precision,accuracy,recall,duration
0.814934798654966,0.8126984126984127,0.8103030303030303,239.89087176322937
