,accuracy,train/val/test/test2
0,0.6940350877192982,test
1,0.6940350877192982,test2
