precision,accuracy,recall,duration
0.6947116703211009,0.6940350877192982,0.6940350877192982,621.5257604122162
