,accuracy,train/val/test/test2
0,0.7142857142857143,test
1,0.7142857142857143,test2
