precision,accuracy,recall,duration
0.7226372030293599,0.7142857142857143,0.7278279099443989,44.17304539680481
