,accuracy,train/val/test/test2
0,0.6296296296296297,test
1,0.6296296296296297,test2
