precision,accuracy,recall,duration
0.6772983114446529,0.6296296296296297,0.6296296296296295,29.365256786346436
