,accuracy,train/val/test/test2
0,0.7041420118343196,test
1,0.7041420118343196,test2
