precision,accuracy,recall,duration
0.6822674318072054,0.7041420118343196,0.7514608899565053,129.034809589386
