precision,accuracy,recall,duration
0.7590265128516495,0.76,0.7635584723361589,43.95086312294006
