precision,accuracy,recall,duration
0.7323717948717949,0.7,0.5861111111111111,26.368919372558594
