precision,accuracy,recall,duration
0.7476751989262774,0.7485714285714286,0.7538966365873666,42.65790677070618
