,accuracy,train/val/test/test2
0,0.7714285714285715,test
1,0.7714285714285715,test2
