precision,accuracy,recall,duration
0.7811102831594635,0.7714285714285715,0.7739651416122004,116.19594049453735
