precision,accuracy,recall,duration
0.7387205387205388,0.7485714285714286,0.7363959529669127,232.34493136405945
