,accuracy,train/val/test/test2
0,0.6571428571428571,test
1,0.6571428571428571,test2
