precision,accuracy,recall,duration
0.6583333333333333,0.6571428571428571,0.6552287581699346,31.899288654327393
