,accuracy,train/val/test/test2
0,0.42946708463949845,test
1,0.42946708463949845,test2
