precision,accuracy,recall,duration
0.3017860612091803,0.42946708463949845,0.29154610591121743,3380.6878564357758
