precision,accuracy,recall,duration
0.7323717948717949,0.7,0.5861111111111111,25.93308734893799
