precision,accuracy,recall,duration
0.40291316526610643,0.44,0.44000000000000006,30.339844465255737
