,accuracy,train/val/test/test2
0,0.6873684210526316,test
1,0.6873684210526316,test2
