precision,accuracy,recall,duration
0.6875236576268247,0.6873684210526316,0.6873684210526316,665.6425111293793
