precision,accuracy,recall,duration
0.6403466452246941,0.8,0.5447672352523099,55.871888160705566
