Loss,Accuracy,Duration,Test Duration
0.656399511732161,69.33333333333333,735.6756720542908,0.04761219024658203
