,accuracy,train/val/test/test2
0,0.6680701754385965,test
1,0.6680701754385965,test2
