precision,accuracy,recall,duration
0.6685003414071307,0.6680701754385965,0.6680701754385965,617.2706830501556
