precision,accuracy,recall,duration
0.2912265153012895,0.28,0.2971719001544693,53.581790924072266
