,accuracy,train/val/test/test2
0,0.860223642172524,test
1,0.860223642172524,test2
