precision,accuracy,recall,duration
0.8591607353167084,0.860223642172524,0.8601797291225367,280.293954372406
