,accuracy,train/val/test/test2
0,0.7853658536585366,test
1,0.7853658536585366,test2
