precision,accuracy,recall,duration
0.6006180644303656,0.7853658536585366,0.5905383795309168,51.400941610336304
