precision,accuracy,recall,duration
0.6794871794871795,0.6666666666666666,0.5361111111111111,26.849210500717163
