,accuracy,train/val/test/test2
0,0.7100591715976331,test
1,0.7100591715976331,test2
