precision,accuracy,recall,duration
0.6746431357752077,0.7100591715976331,0.7528856324175507,143.27582478523254
