,accuracy,train/val/test/test2
0,0.8035143769968051,test
1,0.8035143769968051,test2
