precision,accuracy,recall,duration
0.8023501732581482,0.8035143769968051,0.803561204185121,285.81238889694214
