precision,accuracy,recall,duration
0.7367398683188157,0.7314285714285714,0.7394038829641784,41.49263906478882
