precision,accuracy,recall,duration
0.7357318757383651,0.7336666666666667,0.7278353274059872,199.72282552719116
