,accuracy,train/val/test/test2
0,0.5068493150684932,test
1,0.5068493150684932,test2
