precision,accuracy,recall,duration
0.48980561921738397,0.5068493150684932,0.5040995345506624,28.817988872528076
