precision,accuracy,recall,duration
0.742929292929293,0.7428571428571429,0.7490657187129707,42.85144090652466
