precision,accuracy,recall,duration
0.6417682926829269,0.638095238095238,0.6350762527233116,31.132135152816772
