precision,accuracy,recall,duration
0.646513593247192,0.6486666666666666,0.644671039435778,178.6363184452057
