precision,accuracy,recall,duration
0.8523809523809526,0.8333333333333334,0.8333333333333334,27.175410509109497
