,accuracy,train/val/test/test2
0,0.7314285714285714,test
1,0.7314285714285714,test2
