precision,accuracy,recall,duration
0.7364238858456753,0.7314285714285714,0.7394038829641784,43.02349901199341
