precision,accuracy,recall,duration
0.7773771367521367,0.7666666666666667,0.7867987275882014,255.35008811950684
