precision,accuracy,recall,duration
0.7492740471869328,0.7485714285714286,0.7568134171907758,43.620400190353394
