Loss,Accuracy,Duration,Test Duration
0.0001438894250895828,82.85714285714286,190.13695549964905,0.028525590896606445
