,accuracy,train/val/test/test2
0,0.7902439024390244,test
1,0.7902439024390244,test2
