precision,accuracy,recall,duration
0.6655252090508444,0.7902439024390244,0.5903251599147122,51.8111846446991
