precision,accuracy,recall,duration
0.2964984268759993,0.32320441988950277,0.3210697070819429,37571.81807971001
