,accuracy,train/val/test/test2
0,0.5971223021582733,test
1,0.5971223021582733,test2
