precision,accuracy,recall,duration
0.502906976744186,0.5971223021582733,0.5032967032967033,47.8286612033844
