precision,accuracy,recall,duration
0.6821428571428572,0.7666666666666667,0.6638888888888889,25.317928791046143
