,accuracy,train/val/test/test2
0,0.5904761904761905,test
1,0.5904761904761905,test2
