precision,accuracy,recall,duration
0.5899122807017544,0.5904761904761905,0.5893246187363834,30.50870108604431
