precision,accuracy,recall,duration
0.7360890302066773,0.7037037037037037,0.7037037037037037,29.286282539367676
