precision,accuracy,recall,duration
0.9076612903225807,0.9079365079365079,0.9084848484848485,42.13284158706665
