,accuracy,train/val/test/test2
0,0.7238095238095238,test
1,0.7238095238095238,test2
