precision,accuracy,recall,duration
0.5433482483902652,0.5753424657534246,0.5892111230457096,28.455077171325684
