precision,accuracy,recall,duration
0.8571428571428571,0.8571428571428571,0.8563636363636363,38.69232940673828
