Loss,Accuracy,Duration,Test Duration
0.0015294210249976459,56.266666666666666,575.745165348053,0.04558968544006348
