,accuracy,train/val/test/test2
0,0.6805555555555556,test
1,0.6805555555555556,test2
