precision,accuracy,recall,duration
0.6940476190476192,0.6805555555555556,0.6805555555555557,8469.202287197113
