precision,accuracy,recall,duration
0.7470193740685545,0.7428571428571429,0.7407407407407407,32.20455837249756
