,accuracy,train/val/test/test2
0,0.60431654676259,test
1,0.60431654676259,test2
