,accuracy,train/val/test/test2
0,0.5753424657534246,test
1,0.5753424657534246,test2
