precision,accuracy,recall,duration
0.5623034859876965,0.5753424657534246,0.5556450650435613,28.061960220336914
