precision,accuracy,recall,duration
0.33114271349565466,0.38,0.38,31.82517647743225
