,accuracy,train/val/test/test2
0,0.6849122807017544,test
1,0.6849122807017544,test2
