precision,accuracy,recall,duration
0.6858274048871018,0.6849122807017544,0.6849122807017544,606.517970085144
