,accuracy,train/val/test/test2
0,0.6476190476190476,test
1,0.6476190476190476,test2
