precision,accuracy,recall,duration
0.6492175856929956,0.6476190476190476,0.6454248366013071,31.65660262107849
