Loss,Accuracy,Duration,Test Duration
0.31729979141770553,62.4,603.34787940979,0.04688072204589844
