,accuracy,train/val/test/test2
0,0.7224852071005917,test
1,0.7224852071005917,test2
