precision,accuracy,recall,duration
0.6862449865556225,0.7224852071005917,0.7500419751777174,144.5463056564331
