precision,accuracy,recall,duration
0.7151504035216434,0.7142857142857143,0.712962962962963,32.56784796714783
