,accuracy,train/val/test/test2
0,0.3871473354231975,test
1,0.3871473354231975,test2
