precision,accuracy,recall,duration
0.25085243103053634,0.3871473354231975,0.25153292557234586,63.899531841278076
