,accuracy,train/val/test/test2
0,0.6285714285714286,test
1,0.6285714285714286,test2
