precision,accuracy,recall,duration
0.6309523809523809,0.6285714285714286,0.6258169934640523,31.885263681411743
