precision,accuracy,recall,duration
0.6356309295799741,0.637,0.6360277250775166,182.76039814949036
