,accuracy,train/val/test/test2
0,0.5575757575757576,test
1,0.5575757575757576,test2
