precision,accuracy,recall,duration
0.5785843402050116,0.5575757575757576,0.5575757575757576,136.12569904327393
