,accuracy,train/val/test/test2
0,0.7626666666666667,test
1,0.7626666666666667,test2
