precision,accuracy,recall,duration
0.7615795022267118,0.7626666666666667,0.7623610094208262,198.98203420639038
