precision,accuracy,recall,duration
0.3331282752335384,0.31,0.30999999999999994,13952.78046798706
