,accuracy,train/val/test/test2
0,0.26181818181818184,test
1,0.26181818181818184,test2
