precision,accuracy,recall,duration
0.27849994107195714,0.26181818181818184,0.27349455725679256,52.63425636291504
