,accuracy,train/val/test/test2
0,0.5393939393939394,test
1,0.5393939393939394,test2
