precision,accuracy,recall,duration
0.5533783005148757,0.5393939393939394,0.5393939393939394,128.0227415561676
