,accuracy,train/val/test/test2
0,0.5510101010101011,test
1,0.5510101010101011,test2
