precision,accuracy,recall,duration
0.5632546856601865,0.5510101010101011,0.551010101010101,123.51539015769958
