Loss,Accuracy,Duration,Test Duration
0.3172995265534458,62.4,609.5358741283417,0.04523205757141113
