precision,accuracy,recall,duration
0.7389725958135301,0.7371428571428571,0.7456931911402789,42.96259951591492
