precision,accuracy,recall,duration
0.6230902664119273,0.6213333333333333,0.6100280940662062,1632.808513879776
