precision,accuracy,recall,duration
0.7747252747252746,0.75,0.75,26.35438895225525
