,accuracy,train/val/test/test2
0,0.30939226519337015,test
1,0.30939226519337015,test2
