precision,accuracy,recall,duration
0.26249688025037304,0.30939226519337015,0.3083765912742554,67.37030911445618
