,accuracy,train/val/test/test2
0,0.7547368421052632,test
1,0.7547368421052632,test2
