precision,accuracy,recall,duration
0.7564657480455503,0.7547368421052632,0.7547368421052632,2223.380893468857
