,accuracy,train/val/test/test2
0,0.7437869822485207,test
1,0.7437869822485207,test2
