precision,accuracy,recall,duration
0.6827008741813085,0.7437869822485207,0.6935393412216274,848.6615035533905
