precision,accuracy,recall,duration
0.46191867656153374,0.5342465753424658,0.5071905955364602,28.59123134613037
