,accuracy,train/val/test/test2
0,0.7843333333333333,test
1,0.7843333333333333,test2
