precision,accuracy,recall,duration
0.7856501482576987,0.7843333333333333,0.7802428892618484,199.9884705543518
