,accuracy,train/val/test/test2
0,0.8186900958466453,test
1,0.8186900958466453,test2
