precision,accuracy,recall,duration
0.8200800915331807,0.8186900958466453,0.821787020989794,282.5991311073303
