,accuracy,train/val/test/test2
0,0.5683453237410072,test
1,0.5683453237410072,test2
