precision,accuracy,recall,duration
0.4781323877068558,0.5683453237410072,0.47458791208791207,44.042794704437256
