precision,accuracy,recall,duration
0.4994582704876822,0.51,0.51,32.80826735496521
