precision,accuracy,recall,duration
0.6890878904270669,0.7337278106508875,0.7582878634085573,132.44115591049194
