precision,accuracy,recall,duration
0.8888888888888888,0.8888888888888888,0.8888888888888888,91.3785834312439
