,accuracy,train/val/test/test2
0,0.6514285714285715,test
1,0.6514285714285715,test2
