precision,accuracy,recall,duration
0.6546333783175888,0.6514285714285715,0.6367696654817245,69.32768392562866
