precision,accuracy,recall,duration
0.46987179487179487,0.6666666666666666,0.5138888888888888,25.230329036712646
