best_model_train_loss,best_model_val_loss,best_model_train_acc,best_model_val_acc,best_model_learning_rate,best_model_nb_epoch
0.5510967373847961,0.5727308392524719,0.8999999761581421,0.8666666746139526,0.0010000000474974513,309
