,accuracy,train/val/test/test2
0,0.8578274760383386,test
1,0.8578274760383386,test2
