precision,accuracy,recall,duration
0.8575096608207637,0.8578274760383386,0.8560703511136787,261.0569336414337
