,accuracy,train/val/test/test2
0,0.8666134185303515,test
1,0.8666134185303515,test2
