precision,accuracy,recall,duration
0.8655774267474219,0.8666134185303515,0.8669863277488927,259.8828945159912
