Loss,Accuracy,Duration,Test Duration
4.852925777435303,51.42857142857143,607.1785295009613,0.020210981369018555
