,accuracy,train/val/test/test2
0,0.6333333333333333,test
1,0.6333333333333333,test2
