precision,accuracy,recall,duration
0.6927272727272727,0.6333333333333333,0.6333333333333333,386.48415446281433
