,accuracy,train/val/test/test2
0,0.3683385579937304,test
1,0.3683385579937304,test2
