precision,accuracy,recall,duration
0.23128591825205938,0.3683385579937304,0.23564471849811341,64.3561749458313
