,accuracy,train/val/test/test2
0,0.6952380952380952,test
1,0.6952380952380952,test2
