precision,accuracy,recall,duration
0.6951530612244898,0.6952380952380952,0.6944444444444444,32.444910526275635
