precision,accuracy,recall,duration
0.8479366028708135,0.85,0.8512145748987855,537.1398782730103
