,accuracy,train/val/test/test2
0,0.9206349206349206,test
1,0.9206349206349206,test2
