precision,accuracy,recall,duration
0.9203682765304475,0.9206349206349206,0.9206060606060606,41.313257455825806
