precision,accuracy,recall,duration
0.7217437533227007,0.72,0.7268252666119771,41.54918622970581
