,accuracy,train/val/test/test2
0,0.84185303514377,test
1,0.84185303514377,test2
