precision,accuracy,recall,duration
0.840927364973348,0.84185303514377,0.840752294755761,288.9199035167694
