,accuracy,train/val/test/test2
0,0.2509090909090909,test
1,0.2509090909090909,test2
