precision,accuracy,recall,duration
0.255072171967138,0.2509090909090909,0.2553331918876622,19332.217913866043
