,accuracy,train/val/test/test2
0,0.6792982456140351,test
1,0.6792982456140351,test2
