precision,accuracy,recall,duration
0.6793491191591927,0.6792982456140351,0.6792982456140351,702.9661855697632
