,accuracy,train/val/test/test2
0,0.6228571428571429,test
1,0.6228571428571429,test2
