precision,accuracy,recall,duration
0.6395767195767196,0.6228571428571429,0.6024063439978123,66.71585273742676
