precision,accuracy,recall,duration
0.5698717948717948,0.53,0.53,32.648476123809814
