precision,accuracy,recall,duration
0.7380952380952381,0.7,0.7,26.809948682785034
