,accuracy,train/val/test/test2
0,0.8952380952380953,test
1,0.8952380952380953,test2
