precision,accuracy,recall,duration
0.8949281214666451,0.8952380952380953,0.8951515151515151,41.23599863052368
