,accuracy,train/val/test/test2
0,0.8195121951219512,test
1,0.8195121951219512,test2
