precision,accuracy,recall,duration
0.5608267913676269,0.8195121951219512,0.4953002842928216,279.9553291797638
