,accuracy,train/val/test/test2
0,0.8698083067092651,test
1,0.8698083067092651,test2
