precision,accuracy,recall,duration
0.8688427938643262,0.8698083067092651,0.8694460491687528,259.8822660446167
