,accuracy,train/val/test/test2
0,0.6190476190476191,test
1,0.6190476190476191,test2
