precision,accuracy,recall,duration
0.6188554658840792,0.6190476190476191,0.6176470588235294,30.411161184310913
