Loss,Accuracy,Duration,Test Duration
0.00011574884410947561,85.38338658146965,660.8770861625671,0.2204897403717041
