,accuracy,train/val/test/test2
0,0.38087774294670845,test
1,0.38087774294670845,test2
