best_model_train_loss,best_model_val_loss,best_model_train_acc,best_model_val_acc,best_model_learning_rate,best_model_nb_epoch
0.07748273760080338,0.031031737104058266,0.6329588294029236,0.42789968848228455,0.0010000000474974513,19
