precision,accuracy,recall,duration
0.21376745286239113,0.38087774294670845,0.2131126146903877,71.06075406074524
