precision,accuracy,recall,duration
0.4918095874713522,0.42,0.42000000000000004,30.710195541381836
