precision,accuracy,recall,duration
0.8078431372549019,0.8,0.8144881434355118,27.284838438034058
