,accuracy,train/val/test/test2
0,0.6467455621301775,test
1,0.6467455621301775,test2
