precision,accuracy,recall,duration
0.6571208552780744,0.6467455621301775,0.7142155648679481,141.88341116905212
