,accuracy,train/val/test/test2
0,0.30363636363636365,test
1,0.30363636363636365,test2
