precision,accuracy,recall,duration
0.31673376314295293,0.30363636363636365,0.31570411924365543,55.012245655059814
