precision,accuracy,recall,duration
0.5153110047846889,0.60431654676259,0.5175824175824175,44.15772747993469
