precision,accuracy,recall,duration
0.7245897228948076,0.7257142857142858,0.7301977941846687,42.64362192153931
