,accuracy,train/val/test/test2
0,0.5555555555555556,test
1,0.5555555555555556,test2
