precision,accuracy,recall,duration
0.5718289597781726,0.5555555555555556,0.5555555555555555,124.2362892627716
