Loss,Accuracy,Duration,Test Duration
0.00028610078152269125,75.0,164.1816954612732,0.007668495178222656
