,accuracy,train/val/test/test2
0,0.9015873015873016,test
1,0.9015873015873016,test2
