precision,accuracy,recall,duration
0.9012345679012346,0.9015873015873016,0.9018181818181819,41.170295000076294
