best_model_train_loss,best_model_val_loss,best_model_train_acc,best_model_val_acc,best_model_learning_rate,best_model_nb_epoch
0.0665721744298935,0.06672497093677521,0.9333333373069763,0.8666666746139526,0.0010000000474974513,232
