precision,accuracy,recall,duration
0.8072916666666667,0.8,0.8131145170618854,26.998615503311157
