precision,accuracy,recall,duration
0.7418782170479963,0.7428571428571429,0.7476073284112661,43.08920407295227
