,accuracy,train/val/test/test2
0,0.8674121405750799,test
1,0.8674121405750799,test2
