precision,accuracy,recall,duration
0.8707486736097465,0.8674121405750799,0.8633237049874831,730.8139541149139
