,accuracy,train/val/test/test2
0,0.26545454545454544,test
1,0.26545454545454544,test2
