precision,accuracy,recall,duration
0.25918598907367096,0.26545454545454544,0.2793666293010209,51.565929889678955
