,accuracy,train/val/test/test2
0,0.28909090909090907,test
1,0.28909090909090907,test2
