precision,accuracy,recall,duration
0.2936687470761798,0.28909090909090907,0.3054858191587732,52.60677528381348
