,accuracy,train/val/test/test2
0,0.5740740740740741,test
1,0.5740740740740741,test2
