precision,accuracy,recall,duration
0.6467391304347826,0.5740740740740741,0.5740740740740741,27.780718088150024
