,accuracy,train/val/test/test2
0,0.7371428571428571,test
1,0.7371428571428571,test2
