precision,accuracy,recall,duration
0.7453411667697383,0.7371428571428571,0.74277641053687,41.952635526657104
