precision,accuracy,recall,duration
0.7582656926406927,0.76,0.7621000820344545,42.544193744659424
