,accuracy,train/val/test/test2
0,0.3824451410658307,test
1,0.3824451410658307,test2
