precision,accuracy,recall,duration
0.28188699144138524,0.3824451410658307,0.27763240895967484,69.06465649604797
