best_model_train_loss,best_model_val_loss,best_model_train_acc,best_model_val_acc,best_model_learning_rate,best_model_nb_epoch
0.06005625054240227,0.08393964916467667,0.9333333373069763,0.800000011920929,0.0010000000474974513,184
