precision,accuracy,recall,duration
0.775,0.7666666666666667,0.7774002313475998,29.018301248550415
