,accuracy,train/val/test/test2
0,0.7337278106508875,test
1,0.7337278106508875,test2
