best_model_train_loss,best_model_val_loss,best_model_train_acc,best_model_val_acc,best_model_learning_rate,best_model_nb_epoch
0.014429273083806038,0.027663595974445343,0.9571428298950195,0.7603550553321838,0.0010000000474974513,398
