precision,accuracy,recall,duration
0.6814140985116294,0.7337278106508875,0.7607222693597219,146.43486499786377
