loss,learning_rate
1.1038142,0.00010031362425060063
