precision,accuracy,recall,duration
0.7777856334841629,0.7666666666666667,0.7867987275882014,29.5594162940979
