precision,accuracy,recall,duration
0.8535353535353536,0.85,0.8500000000000001,26.767878532409668
