,accuracy,train/val/test/test2
0,0.3714733542319749,test
1,0.3714733542319749,test2
