precision,accuracy,recall,duration
0.21849342644058667,0.3714733542319749,0.24586245130976636,67.34391260147095
