precision,accuracy,recall,duration
0.3964289958407606,0.42,0.41999999999999993,30.59595799446106
