precision,accuracy,recall,duration
0.6425100634659457,0.6443333333333333,0.6386664855971564,177.87862014770508
