precision,accuracy,recall,duration
0.7,0.5,0.39722222222222225,26.509862661361694
