Loss,Accuracy,Duration,Test Duration
0.31728352532566834,62.4,611.2589938640594,0.04542708396911621
