precision,accuracy,recall,duration
0.4780311355311356,0.43,0.43000000000000005,30.896872758865356
