,accuracy,train/val/test/test2
0,0.7526627218934911,test
1,0.7526627218934911,test2
