precision,accuracy,recall,duration
0.6955353300560387,0.7526627218934911,0.7713248764807138,129.99590229988098
