precision,accuracy,recall,duration
0.7538795328429475,0.7951219512195122,0.5539090262970859,55.05838227272034
