,accuracy,train/val/test/test2
0,0.5616438356164384,test
1,0.5616438356164384,test2
