precision,accuracy,recall,duration
0.5616989219930397,0.5616438356164384,0.5894020766201217,29.362045764923096
