Loss,Accuracy,Duration,Test Duration
0.00010169303277507424,49.86666666666667,1832.2554686069489,0.06407833099365234
