,accuracy,train/val/test/test2
0,0.548989898989899,test
1,0.548989898989899,test2
