precision,accuracy,recall,duration
0.5576872852122119,0.548989898989899,0.548989898989899,123.34585499763489
