precision,accuracy,recall,duration
0.47405372405372403,0.5342465753424658,0.5427616660699368,27.202266216278076
