,accuracy,train/val/test/test2
0,0.3887147335423197,test
1,0.3887147335423197,test2
