precision,accuracy,recall,duration
0.25601572453981225,0.3887147335423197,0.2682223482719906,66.15152382850647
