,accuracy,train/val/test/test2
0,0.7028571428571428,test
1,0.7028571428571428,test2
