precision,accuracy,recall,duration
0.7040349529738323,0.7028571428571428,0.7108741226870842,41.4712495803833
