precision,accuracy,recall,duration
0.37545699110160724,0.376,0.37600000000000006,1706.830245733261
