Loss,Accuracy,Duration,Test Duration
0.0015293508703659124,56.266666666666666,584.2364625930786,0.044947147369384766
