,accuracy,train/val/test/test2
0,0.8091054313099042,test
1,0.8091054313099042,test2
