precision,accuracy,recall,duration
0.8086556818065807,0.8091054313099042,0.8105077347711663,290.2012574672699
