,accuracy,train/val/test/test2
0,0.7091228070175438,test
1,0.7091228070175438,test2
