precision,accuracy,recall,duration
0.7132822105609977,0.7091228070175438,0.7091228070175438,675.5125141143799
