,accuracy,train/val/test/test2
0,0.7257142857142858,test
1,0.7257142857142858,test2
