precision,accuracy,recall,duration
0.7257575757575757,0.7257142857142858,0.7301977941846687,43.41198015213013
