,accuracy,train/val/test/test2
0,0.8218849840255591,test
1,0.8218849840255591,test2
