precision,accuracy,recall,duration
0.8208128834355828,0.8218849840255591,0.8222337762372425,258.50629472732544
