,accuracy,train/val/test/test2
0,0.7542857142857143,test
1,0.7542857142857143,test2
