precision,accuracy,recall,duration
0.7549773449651722,0.7542857142857143,0.7587275544617628,42.727444887161255
