,accuracy,train/val/test/test2
0,0.7037037037037037,test
1,0.7037037037037037,test2
