precision,accuracy,recall,duration
0.7142857142857142,0.7037037037037037,0.7037037037037037,27.829559087753296
