precision,accuracy,recall,duration
0.5526202963702964,0.52,0.52,32.48914909362793
