precision,accuracy,recall,duration
0.26051367740619763,0.26,0.2685647852735645,49.20232653617859
