precision,accuracy,recall,duration
0.7005824201979638,0.7951219512195122,0.6423418621179816,52.877395153045654
