,accuracy,train/val/test/test2
0,0.2636363636363636,test
1,0.2636363636363636,test2
