precision,accuracy,recall,duration
0.261457182704318,0.2636363636363636,0.2791576295097924,48.7122848033905
