,accuracy,train/val/test/test2
0,0.6330935251798561,test
1,0.6330935251798561,test2
