precision,accuracy,recall,duration
0.5485645933014354,0.6330935251798561,0.5557692307692308,53.778889179229736
