precision,accuracy,recall,duration
0.5230247779336138,0.60431654676259,0.5270604395604396,50.021015644073486
