precision,accuracy,recall,duration
0.6374459228026755,0.7951219512195122,0.591684434968017,53.03137230873108
