precision,accuracy,recall,duration
0.865746096009254,0.8666666666666667,0.865746096009254,28.407410860061646
