,accuracy,train/val/test/test2
0,0.8146341463414634,test
1,0.8146341463414634,test2
