precision,accuracy,recall,duration
0.7282133178474641,0.8146341463414634,0.5955756929637527,53.928024768829346
