,accuracy,train/val/test/test2
0,0.25636363636363635,test
1,0.25636363636363635,test2
