precision,accuracy,recall,duration
0.2578759586909678,0.25636363636363635,0.2720745566700346,49.404645681381226
