,accuracy,train/val/test/test2
0,0.8097560975609757,test
1,0.8097560975609757,test2
