precision,accuracy,recall,duration
0.6824609162007537,0.8097560975609757,0.6002754086709311,48.810410261154175
