,accuracy,train/val/test/test2
0,0.31767955801104975,test
1,0.31767955801104975,test2
