precision,accuracy,recall,duration
0.2548995128577129,0.31767955801104975,0.31615993078729454,57.538190841674805
