,accuracy,train/val/test/test2
0,0.7420118343195267,test
1,0.7420118343195267,test2
