,accuracy,train/val/test/test2
0,0.5505050505050505,test
1,0.5505050505050505,test2
