precision,accuracy,recall,duration
0.5613886434173351,0.5505050505050505,0.5505050505050506,137.22665929794312
