,accuracy,train/val/test/test2
0,0.8603174603174604,test
1,0.8603174603174604,test2
