precision,accuracy,recall,duration
0.8601917786049522,0.8603174603174604,0.8596969696969696,39.862159729003906
