,accuracy,train/val/test/test2
0,0.6258992805755396,test
1,0.6258992805755396,test2
