precision,accuracy,recall,duration
0.5210256410256411,0.6258992805755396,0.5225274725274724,47.38281607627869
