precision,accuracy,recall,duration
0.5900884303610907,0.5904761904761905,0.5887799564270153,31.238235473632812
