precision,accuracy,recall,duration
0.5744462481962482,0.54,0.54,33.05683088302612
