precision,accuracy,recall,duration
0.6381144534115921,0.638095238095238,0.6367102396514162,30.68407392501831
