,accuracy,train/val/test/test2
0,0.6912280701754386,test
1,0.6912280701754386,test2
