precision,accuracy,recall,duration
0.6913788642328211,0.6912280701754386,0.6912280701754385,612.8440840244293
