,accuracy,train/val/test/test2
0,0.31215469613259667,test
1,0.31215469613259667,test2
