precision,accuracy,recall,duration
0.2448509722473384,0.31215469613259667,0.3103355580274379,61.09070611000061
