,accuracy,train/val/test/test2
0,0.3314917127071823,test
1,0.3314917127071823,test2
