precision,accuracy,recall,duration
0.26333009748188324,0.3314917127071823,0.32995303423557043,59.4667444229126
