precision,accuracy,recall,duration
0.8833333333333334,0.8666666666666667,0.8666666666666666,27.295676946640015
