precision,accuracy,recall,duration
0.7573828470380194,0.76,0.76064169173275,42.53322172164917
