precision,accuracy,recall,duration
0.86,0.8333333333333334,0.8333333333333334,25.94903588294983
