,accuracy,train/val/test/test2
0,0.2465753424657534,test
1,0.2465753424657534,test2
