precision,accuracy,recall,duration
0.27732426303854874,0.2465753424657534,0.274859768468791,281.05790996551514
