precision,accuracy,recall,duration
0.7282873376623377,0.7257142857142858,0.7345729650897822,43.88147592544556
