,accuracy,train/val/test/test2
0,0.3949843260188088,test
1,0.3949843260188088,test2
