precision,accuracy,recall,duration
0.21655067481538068,0.3949843260188088,0.23215338567284227,71.81404948234558
