,accuracy,train/val/test/test2
0,0.6115107913669064,test
1,0.6115107913669064,test2
