precision,accuracy,recall,duration
0.5116973618715779,0.6115107913669064,0.5129120879120879,45.52795672416687
