,accuracy,train/val/test/test2
0,0.6342857142857142,test
1,0.6342857142857142,test2
