precision,accuracy,recall,duration
0.6121610457053496,0.6342857142857142,0.6164433506517182,66.47415518760681
