best_model_train_loss,best_model_val_loss,best_model_train_acc,best_model_val_acc,best_model_learning_rate,best_model_nb_epoch
0.12207920104265213,0.07224652171134949,0.6600000262260437,0.47999998927116394,0.0010000000474974513,37
