precision,accuracy,recall,duration
0.5657498057498057,0.54,0.54,33.41681909561157
