,accuracy,train/val/test/test2
0,0.3149171270718232,test
1,0.3149171270718232,test2
