precision,accuracy,recall,duration
0.26538553673692494,0.3149171270718232,0.31438635520949204,64.05558705329895
