precision,accuracy,recall,duration
0.5136490960020372,0.5342465753424658,0.5376238214584079,28.4786274433136
