precision,accuracy,recall,duration
0.8480769230769232,0.85,0.8525882012724117,26.434147119522095
