,accuracy,train/val/test/test2
0,0.5797979797979798,test
1,0.5797979797979798,test2
