precision,accuracy,recall,duration
0.5913985352399741,0.5797979797979798,0.5797979797979799,140.05009484291077
