,accuracy,train/val/test/test2
0,0.7485714285714286,test
1,0.7485714285714286,test2
