precision,accuracy,recall,duration
0.7519098887822905,0.7485714285714286,0.7553550268890712,43.53643321990967
