,accuracy,train/val/test/test2
0,0.27636363636363637,test
1,0.27636363636363637,test2
