precision,accuracy,recall,duration
0.3110225010239564,0.27636363636363637,0.2825166930256609,53.819615840911865
