,accuracy,train/val/test/test2
0,0.6466666666666666,test
1,0.6466666666666666,test2
