precision,accuracy,recall,duration
0.6445160210484204,0.6466666666666666,0.6423262190586678,179.67945790290833
