,accuracy,train/val/test/test2
0,0.8292682926829268,test
1,0.8292682926829268,test2
