precision,accuracy,recall,duration
0.7253919424651132,0.8292682926829268,0.6078002842928216,48.92321586608887
