precision,accuracy,recall,duration
0.6607142857142857,0.6111111111111112,0.611111111111111,30.316247940063477
