precision,accuracy,recall,duration
0.705685618729097,0.6,0.5893246187363834,221.17616057395935
