precision,accuracy,recall,duration
0.5619580744126823,0.55,0.55,124.80046939849854
