,accuracy,train/val/test/test2
0,0.6033333333333334,test
1,0.6033333333333334,test2
