precision,accuracy,recall,duration
0.6232487970966232,0.6033333333333334,0.6033333333333333,517.5908401012421
