precision,accuracy,recall,duration
0.9541666666666666,0.9333333333333333,0.9166666666666666,501.63766407966614
