precision,accuracy,recall,duration
0.8761904761904763,0.8666666666666667,0.8666666666666668,27.15364718437195
