,accuracy,train/val/test/test2
0,0.7085714285714285,test
1,0.7085714285714285,test2
