precision,accuracy,recall,duration
0.7138047138047138,0.7085714285714285,0.7186218211648893,43.14520072937012
