precision,accuracy,recall,duration
0.6490417332254067,0.651,0.6487131631131031,176.758038520813
