precision,accuracy,recall,duration
0.3738095238095238,0.375,0.375,44.95454502105713
