,accuracy,train/val/test/test2
0,0.8490415335463258,test
1,0.8490415335463258,test2
