precision,accuracy,recall,duration
0.8479650924864954,0.8490415335463258,0.8493061172090635,259.60071635246277
