precision,accuracy,recall,duration
0.7367100928421683,0.7314285714285714,0.7423206635675873,43.84053635597229
