precision,accuracy,recall,duration
0.7053571428571428,0.7,0.5638888888888889,25.914530992507935
