precision,accuracy,recall,duration
0.9166666666666666,0.9,0.9,25.894417762756348
