,accuracy,train/val/test/test2
0,0.589041095890411,test
1,0.589041095890411,test2
