precision,accuracy,recall,duration
0.5769373483659198,0.589041095890411,0.5879579902136293,27.324238061904907
