precision,accuracy,recall,duration
0.8480769230769232,0.85,0.8525882012724117,25.94804048538208
