precision,accuracy,recall,duration
0.8333333333333334,0.8333333333333334,0.834731058415269,26.023493766784668
