,accuracy,train/val/test/test2
0,0.6187050359712231,test
1,0.6187050359712231,test2
