precision,accuracy,recall,duration
0.5319377990430622,0.6187050359712231,0.5366758241758242,52.64281487464905
