Loss,Accuracy,Duration,Test Duration
0.001528057484013819,56.53333333333333,587.4947965145111,0.046106576919555664
