precision,accuracy,recall,duration
0.880952380952381,0.8666666666666667,0.8666666666666668,26.98107647895813
