,accuracy,train/val/test/test2
0,0.32044198895027626,test
1,0.32044198895027626,test2
