precision,accuracy,recall,duration
0.25254546507552406,0.32044198895027626,0.3192127054752194,58.16576385498047
