precision,accuracy,recall,duration
0.6615384615384615,0.6296296296296297,0.6296296296296297,27.932185649871826
