,accuracy,train/val/test/test2
0,0.24909090909090909,test
1,0.24909090909090909,test2
