precision,accuracy,recall,duration
0.2460354236546564,0.24909090909090909,0.26054873687759944,49.982972860336304
